{
  "$schema": "https://developer.microsoft.com/json-schemas/spfx-build/package-solution.schema.json",
  "solution": {
    "name": "date-control-client-side-solution",
    "id": "0ebfbce8-f506-459d-bb35-a188bb2e2120",
    "version": "1.0.0.0",
    "includeClientSideAssets": true,
    "skipFeatureDeployment": true,
    "isDomainIsolated": false,
    "developer": {
      "name": "",
      "websiteUrl": "",
      "privacyUrl": "",
      "termsOfUseUrl": "",
      "mpnId": "Undefined-1.15.2"
    },
    "metadata": {
      "shortDescription": {
        "default": "DateControl description"
      },
      "longDescription": {
        "default": "DateControl description"
      },
      "screenshotPaths": [],
      "videoUrl": "",
      "categories": []
    },
    "features": [
      {
        "title": "date-control Feature",
        "description": "The feature that activates elements of the date-control solution.",
        "id": "1ec57e37-1249-441f-9244-b077041b2d2d",
        "version": "1.0.0.0"
      }
    ]
  },
  "paths": {
    "zippedPackage": "solution/date-control.sppkg"
  }
}
